class,AP
Aufklärung,0.030631472734361332
Behandlung,0.5531610979648643
Dokumentation,0.34707265911963064
Organisation,0.9055666663011483
